variable,category,n,events,nonevents,weighted_percent_outcome
V012,15.0,128,36,92,27.58997428889997
V012,16.0,180,82,98,45.27844709168177
V012,17.0,257,142,115,56.06361603903235
V012,18.0,489,302,187,62.683985706178156
V012,19.0,547,398,149,73.39671227322688
V106,0.0,25,19,6,68.10568673630122
V106,1.0,223,159,64,71.86842124645374
V106,2.0,1231,719,512,58.8055784107409
V106,3.0,122,63,59,54.19522712435454
V190,1.0,316,216,100,70.22807805210023
V190,2.0,351,214,137,60.500057212583144
V190,3.0,358,215,143,62.51926880118517
V190,4.0,346,207,139,58.016695318214126
V190,5.0,230,108,122,47.70737620573172
cohab,1.0,425,332,93,78.67702411838337
cohab,2.0,948,555,393,58.484605866616214
cohab,3.0,228,73,155,34.4941680025441
partner,0.0,117,85,32,71.62198316956496
partner,1.0,429,297,132,68.16137416113868
partner,2.0,693,405,288,59.929962217540435
partner,3.0,362,173,189,48.002337188434055
gapgroup,1.0,528,305,223,58.06802738284844
gapgroup,2.0,702,399,303,56.88603579459125
gapgroup,3.0,371,256,115,69.48677286930209
V714,0.0,1433,845,588,59.391156413489924
V714,1.0,168,115,53,68.27699897242522
V025,1.0,482,288,194,58.82171172634529
V025,2.0,1119,672,447,60.82960636507404
V024,1.0,171,90,81,51.47327182330059
V024,2.0,235,149,86,62.55615831194207
V024,3.0,257,156,101,59.91316328991984
V024,4.0,223,145,78,64.70627781363282
V024,5.0,169,97,72,56.805875770688075
V024,6.0,223,128,95,58.33745000819162
V024,7.0,225,137,88,62.06937580007769
V024,8.0,98,58,40,60.450777762497054
