model,n,term,measure,estimate,lower,upper,p,design_df
historical_six_predictors,1601,Intercept,AOR,5.4032471123808365,1.8782393972919071,15.54385420705478,0.0017964252450268826,645
historical_six_predictors,1601,C(V106)[T.1.0],AOR,1.0201222706872695,0.36156884800828154,2.878150186014684,0.9699251824964141,645
historical_six_predictors,1601,C(V106)[T.2.0],AOR,0.9059427026650101,0.331231192350007,2.477822739727748,0.8471917477879908,645
historical_six_predictors,1601,C(V106)[T.3.0],AOR,1.531977165151044,0.5160973921181397,4.547502216416914,0.4416701984626228,645
historical_six_predictors,1601,C(wealth3)[T.2.0],AOR,0.9823420805745232,0.7317856279112934,1.3186866842709561,0.90546315366421,645
historical_six_predictors,1601,C(wealth3)[T.3.0],AOR,0.7504120125700909,0.5581419273024493,1.0089157632917773,0.057255042395260566,645
historical_six_predictors,1601,C(cohab)[T.2.0],AOR,0.4093678733416266,0.30579195940899573,0.5480263642253117,3.063698731539674e-09,645
historical_six_predictors,1601,C(cohab)[T.3.0],AOR,0.1504659042944966,0.10058085868664743,0.22509241470779148,3.7060331707316764e-19,645
historical_six_predictors,1601,C(partner)[T.1.0],AOR,0.9128977036738984,0.5333024562266354,1.5626821283922938,0.7393113240287195,645
historical_six_predictors,1601,C(partner)[T.2.0],AOR,0.6995866397346994,0.419802370757699,1.165837786032351,0.17001940681742417,645
historical_six_predictors,1601,C(partner)[T.3.0],AOR,0.4573680264271576,0.27009415147555854,0.774491081924826,0.003664483518437574,645
historical_six_predictors,1601,C(gapgroup)[T.2.0],AOR,0.8831680635181443,0.6798514251139469,1.1472886569115583,0.35146103226446224,645
historical_six_predictors,1601,C(gapgroup)[T.3.0],AOR,1.6258456597319533,1.1983765981880676,2.2057958351873554,0.001836048564586141,645
historical_six_predictors,1601,C(V714)[T.1.0],AOR,1.321072474580029,0.9024383891622472,1.9339076263290815,0.15185457520346005,645
age_adjusted_six_predictors,1601,Intercept,AOR,0.8566330837661688,0.2336724696139473,3.1403795295829586,0.8151297851933879,641
age_adjusted_six_predictors,1601,C(V106)[T.1.0],AOR,0.8486236262745305,0.2456414452211477,2.9317612035012317,0.7949578543145526,641
age_adjusted_six_predictors,1601,C(V106)[T.2.0],AOR,0.793968123917596,0.22634904755041843,2.78501451019718,0.7182182789489254,641
age_adjusted_six_predictors,1601,C(V106)[T.3.0],AOR,0.7771173449197741,0.2078786291110743,2.9051152124563777,0.7074021726360786,641
age_adjusted_six_predictors,1601,C(wealth3)[T.2.0],AOR,1.106713687954879,0.7974222799522305,1.5359681036000923,0.5437571729161543,641
age_adjusted_six_predictors,1601,C(wealth3)[T.3.0],AOR,0.7039098636138045,0.5136543839114429,0.9646351936484789,0.029026010217744473,641
age_adjusted_six_predictors,1601,C(cohab)[T.2.0],AOR,0.1679916834039654,0.11247437031568519,0.2509123244138984,2.178605092305237e-17,641
age_adjusted_six_predictors,1601,C(cohab)[T.3.0],AOR,0.027284180329970216,0.01602909777027557,0.04644219574596403,8.448067225206502e-36,641
age_adjusted_six_predictors,1601,C(partner)[T.1.0],AOR,1.119918230433807,0.6105381566339942,2.054280849165449,0.7140486019207003,641
age_adjusted_six_predictors,1601,C(partner)[T.2.0],AOR,0.8678551039530605,0.48159068041678693,1.5639266125448135,0.6366791002082334,641
age_adjusted_six_predictors,1601,C(partner)[T.3.0],AOR,0.5388151946532509,0.29769254939305245,0.975240443810705,0.041099839048533475,641
age_adjusted_six_predictors,1601,C(gapgroup)[T.2.0],AOR,0.8883778167360223,0.6731951858501579,1.1723422297977155,0.40236860926624607,641
age_adjusted_six_predictors,1601,C(gapgroup)[T.3.0],AOR,1.7063558952859899,1.2123248843282037,2.401708056162446,0.0022328016126771048,641
age_adjusted_six_predictors,1601,C(V714)[T.1.0],AOR,1.0079834060871924,0.6460863598656881,1.5725924737961585,0.9720055839319368,641
age_adjusted_six_predictors,1601,C(V012)[T.16.0],AOR,4.425964707475801,2.3946244440316558,8.180474245406304,2.450387780237837e-06,641
age_adjusted_six_predictors,1601,C(V012)[T.17.0],AOR,8.872676811919137,5.220413580633121,15.080106698983036,3.1802255096585617e-15,641
age_adjusted_six_predictors,1601,C(V012)[T.18.0],AOR,20.070001180858792,11.37177243867775,35.42147449500928,2.1851598955231827e-23,641
age_adjusted_six_predictors,1601,C(V012)[T.19.0],AOR,49.74930613839376,27.355382439545192,90.47555693002303,1.0859712048138017e-33,641
candidate_primary_age_geography,1601,Intercept,AOR,0.5545050793284217,0.14148506914257244,2.173203751211234,0.3968802975766675,631
candidate_primary_age_geography,1601,C(V012)[T.16.0],AOR,4.568524524143984,2.4328034465915143,8.579162594062817,2.71654565852837e-06,631
candidate_primary_age_geography,1601,C(V012)[T.17.0],AOR,9.179393868259961,5.3466979557785175,15.7594972608434,3.9811172186964294e-15,631
candidate_primary_age_geography,1601,C(V012)[T.18.0],AOR,20.590091844020463,11.495232504802388,36.880670483879534,1.1122532938085083e-22,631
candidate_primary_age_geography,1601,C(V012)[T.19.0],AOR,52.8571781378241,28.482767985376384,98.09023063095914,1.2344172466152984e-32,631
candidate_primary_age_geography,1601,C(V106)[T.1.0],AOR,0.9639736176206363,0.28748665773264215,3.2323069974704692,0.9525308345406587,631
candidate_primary_age_geography,1601,C(V106)[T.2.0],AOR,0.8807106207540742,0.2571986189081492,3.015767350547195,0.8394693227214713,631
candidate_primary_age_geography,1601,C(V106)[T.3.0],AOR,0.9298771834090289,0.25163749223505055,3.4361794363179916,0.9130559145379052,631
candidate_primary_age_geography,1601,C(V190)[T.2.0],AOR,0.7235983196875344,0.48295578566886926,1.0841458862108284,0.11660880380938561,631
candidate_primary_age_geography,1601,C(V190)[T.3.0],AOR,0.8772849431163156,0.574330592944285,1.3400450557110712,0.544136631535031,631
candidate_primary_age_geography,1601,C(V190)[T.4.0],AOR,0.6328212896790963,0.4091797874449533,0.9786963993791817,0.03973994940622363,631
candidate_primary_age_geography,1601,C(V190)[T.5.0],AOR,0.38954594658477365,0.23817380964923546,0.6371231359321479,0.0001834951256259759,631
candidate_primary_age_geography,1601,C(cohab)[T.2.0],AOR,0.1702345403603775,0.11313717421706056,0.2561474504932348,1.2676846080433978e-16,631
candidate_primary_age_geography,1601,C(cohab)[T.3.0],AOR,0.026259091293487736,0.015270601256548187,0.04515472992682865,3.078278465393552e-35,631
candidate_primary_age_geography,1601,C(partner)[T.1.0],AOR,1.1234413198195,0.6131248345054233,2.05850477431055,0.7059733494470999,631
candidate_primary_age_geography,1601,C(partner)[T.2.0],AOR,0.9114732707424679,0.5060050963547092,1.64184813406621,0.7572002802535562,631
candidate_primary_age_geography,1601,C(partner)[T.3.0],AOR,0.6122191129801159,0.33826352103032714,1.1080480719780483,0.10484945263746245,631
candidate_primary_age_geography,1601,C(gapgroup)[T.2.0],AOR,0.9037366653778823,0.682310396761485,1.1970211273709228,0.47969773323269577,631
candidate_primary_age_geography,1601,C(gapgroup)[T.3.0],AOR,1.7522821473905486,1.2418559121816377,2.472503205842557,0.0014475627299030812,631
candidate_primary_age_geography,1601,C(V714)[T.1.0],AOR,0.9994937478389376,0.6376917840969741,1.5665683279639202,0.9982351845625299,631
candidate_primary_age_geography,1601,C(V025)[T.2.0],AOR,0.9684853112928917,0.7170107108970947,1.3081586982383389,0.8343905417603987,631
candidate_primary_age_geography,1601,C(V024)[T.2.0],AOR,2.0934307309864626,1.3301036707043337,3.2948200369358145,0.0014490621332585412,631
candidate_primary_age_geography,1601,C(V024)[T.3.0],AOR,1.612704615824047,1.01142129216778,2.571446931204954,0.044694149273814134,631
candidate_primary_age_geography,1601,C(V024)[T.4.0],AOR,2.015681635883558,1.210144093468896,3.357428655947611,0.00716548545922631,631
candidate_primary_age_geography,1601,C(V024)[T.5.0],AOR,1.1044052258657344,0.645070144423771,1.8908190271448517,0.7169683221891784,631
candidate_primary_age_geography,1601,C(V024)[T.6.0],AOR,1.4494366215200043,0.844849389041676,2.4866757874872407,0.1773838820007572,631
candidate_primary_age_geography,1601,C(V024)[T.7.0],AOR,1.6482390425460691,1.0009756378774968,2.7140440172287805,0.04955507867869625,631
candidate_primary_age_geography,1601,C(V024)[T.8.0],AOR,1.5632920033429814,0.8197642940331917,2.9812007006213435,0.1745809042631991,631
main_no_work,1601,Intercept,AOR,0.5545014852897084,0.14149458641976886,2.173029406767003,0.39685055926498825,632
main_no_work,1601,C(V012)[T.16.0],AOR,4.568589761120156,2.4310561313933343,8.58557403750663,2.787249458926075e-06,632
main_no_work,1601,C(V012)[T.17.0],AOR,9.179381058751073,5.34744461372758,15.75725280173057,3.9110454661305106e-15,632
main_no_work,1601,C(V012)[T.18.0],AOR,20.58998603184102,11.501789156848838,36.859267633067766,1.0122764085330941e-22,632
main_no_work,1601,C(V012)[T.19.0],AOR,52.854957922086044,28.624702934756463,97.59565307325535,4.292528127176526e-33,632
main_no_work,1601,C(V106)[T.1.0],AOR,0.963930432072034,0.2870676635321135,3.2367347350867166,0.9525284600841278,632
main_no_work,1601,C(V106)[T.2.0],AOR,0.8806833438008889,0.2568328336314333,3.019875383851195,0.8396100347655893,632
main_no_work,1601,C(V106)[T.3.0],AOR,0.9298661452759708,0.25145243069924705,3.4386267244502,0.9130899214615754,632
main_no_work,1601,C(V190)[T.2.0],AOR,0.7236097948888158,0.4827071766546941,1.0847386585130487,0.11710610489765484,632
main_no_work,1601,C(V190)[T.3.0],AOR,0.877286322301813,0.5743362555175563,1.3400360571078633,0.5441344690686112,632
main_no_work,1601,C(V190)[T.4.0],AOR,0.6328396226693292,0.40852976110110245,0.9803104355012885,0.04048836000563902,632
main_no_work,1601,C(V190)[T.5.0],AOR,0.3895567576442561,0.2382224738604816,0.6370283414787425,0.00018258979886994145,632
main_no_work,1601,C(cohab)[T.2.0],AOR,0.1702352728665903,0.11317017024414426,0.25607497157107056,1.207175922828675e-16,632
main_no_work,1601,C(cohab)[T.3.0],AOR,0.026260013093703394,0.015290896720370423,0.04509796255198097,2.1906858618469044e-35,632
main_no_work,1601,C(partner)[T.1.0],AOR,1.1234517235519932,0.6131804263340792,2.058356269944419,0.7059140123908975,632
main_no_work,1601,C(partner)[T.2.0],AOR,0.9114780726098564,0.5059967902986086,1.641892385045161,0.757222861175665,632
main_no_work,1601,C(partner)[T.3.0],AOR,0.6122233802031332,0.3381891202477055,1.1083072896987824,0.10498726548694995,632
main_no_work,1601,C(gapgroup)[T.2.0],AOR,0.9037374283772565,0.6822483975899704,1.1971319278067347,0.4798455781634086,632
main_no_work,1601,C(gapgroup)[T.3.0],AOR,1.7522926156755427,1.2413663880703174,2.473507773739645,0.001465787410516095,632
main_no_work,1601,C(V025)[T.2.0],AOR,0.9684956649544905,0.7175252179716974,1.307248622824904,0.8340610635874015,632
main_no_work,1601,C(V024)[T.2.0],AOR,2.093393454290503,1.3291553370477691,3.2970534235674718,0.0014737897764184945,632
main_no_work,1601,C(V024)[T.3.0],AOR,1.6126218780590462,1.0131313892685119,2.566843105584065,0.04392560414922889,632
main_no_work,1601,C(V024)[T.4.0],AOR,2.015599887963453,1.2107720636149626,3.3554151358832844,0.007105922654756499,632
main_no_work,1601,C(V024)[T.5.0],AOR,1.104363292372466,0.6453554885002628,1.8898394811424248,0.7168305153797017,632
main_no_work,1601,C(V024)[T.6.0],AOR,1.4493525027509992,0.8458774461630854,2.4833652756188807,0.1764303208959673,632
main_no_work,1601,C(V024)[T.7.0],AOR,1.648151604095082,1.0018209086058891,2.7114663776196055,0.04917116705563666,632
main_no_work,1601,C(V024)[T.8.0],AOR,1.5632617240290585,0.8200715874160887,2.9799681580412725,0.17433729653363375,632
age_geo,1601,Intercept,AOR,0.33427123260914027,0.1760617993581018,0.6346479324726508,0.0008364076451861239,644
age_geo,1601,C(V012)[T.16.0],AOR,4.268275214987127,2.277078739228717,8.00067779695848,6.85736948272347e-06,644
age_geo,1601,C(V012)[T.17.0],AOR,8.329429124118631,4.91333459677944,14.12063195923844,1.3398011446453098e-14,644
age_geo,1601,C(V012)[T.18.0],AOR,18.831279360582062,10.631017391821056,33.356833996820264,2.6995001787160017e-22,644
age_geo,1601,C(V012)[T.19.0],AOR,45.608167383201334,25.11194754470391,82.83327799849609,1.450895983825063e-32,644
age_geo,1601,C(cohab)[T.2.0],AOR,0.1564827820050108,0.10463219045169912,0.2340279885025583,1.6892408652165206e-18,644
age_geo,1601,C(cohab)[T.3.0],AOR,0.023801902474245545,0.014029046105080656,0.04038268583266867,1.555776310219895e-38,644
age_geo,1601,C(V025)[T.2.0],AOR,1.2138762497976916,0.9186446391326415,1.6039886230807827,0.1725019674206392,644
age_geo,1601,C(V024)[T.2.0],AOR,2.084292378604836,1.3257483551330178,3.2768471502831518,0.0015048508210366344,644
age_geo,1601,C(V024)[T.3.0],AOR,1.5917957466253283,1.0032761612885397,2.5255396238262344,0.04840331280879157,644
age_geo,1601,C(V024)[T.4.0],AOR,1.866905288308398,1.1449619273499907,3.0440622279735154,0.012408781095408383,644
age_geo,1601,C(V024)[T.5.0],AOR,1.1967588238060465,0.7006180395752422,2.0442403727228307,0.5102861756906232,644
age_geo,1601,C(V024)[T.6.0],AOR,1.4150960949841593,0.8262238371540901,2.4236736680667237,0.20560028551605483,644
age_geo,1601,C(V024)[T.7.0],AOR,1.6832924196712,1.0262065763468131,2.761114024633704,0.03919935153114881,644
age_geo,1601,C(V024)[T.8.0],AOR,1.9506991089752606,1.0378034609624678,3.6666162302329153,0.03800208146882426,644
candidate_primary_APR,1601,Intercept,APR,0.2786036010756886,0.18272225479723686,0.4247975519920916,4.462477402618117e-09,631
candidate_primary_APR,1601,C(V012)[T.16.0],APR,1.8421321616580655,1.3081591117449627,2.594065867483405,0.0004893799169227753,631
candidate_primary_APR,1601,C(V012)[T.17.0],APR,2.3376450799812436,1.750399275588262,3.121907439160711,1.2864524810725598e-08,631
candidate_primary_APR,1601,C(V012)[T.18.0],APR,2.9481296505982484,2.2124853315686783,3.928373360366731,4.4796601864260055e-13,631
candidate_primary_APR,1601,C(V012)[T.19.0],APR,3.6503595302144567,2.757874740273943,4.8316642178258995,1.5034913796585456e-18,631
candidate_primary_APR,1601,C(V106)[T.1.0],APR,1.0739597794216633,0.8141540389361877,1.4166724632632193,0.6130933877427373,631
candidate_primary_APR,1601,C(V106)[T.2.0],APR,1.0382409911627781,0.7821040270110746,1.3782621217924045,0.79484537806618,631
candidate_primary_APR,1601,C(V106)[T.3.0],APR,1.1055511225778216,0.7998151854480556,1.528157137887276,0.5429402634962232,631
candidate_primary_APR,1601,C(V190)[T.2.0],APR,0.9349138231100292,0.83430382969683,1.04765653174555,0.24617646829106152,631
candidate_primary_APR,1601,C(V190)[T.3.0],APR,0.9767611102013375,0.871082256098219,1.0952608203445875,0.6869066319121649,631
candidate_primary_APR,1601,C(V190)[T.4.0],APR,0.8960659534629385,0.7904778113056882,1.0157580408603522,0.0861336230963399,631
candidate_primary_APR,1601,C(V190)[T.5.0],APR,0.7470852200724344,0.6384550681824973,0.8741982856202166,0.0002905010735200772,631
candidate_primary_APR,1601,C(cohab)[T.2.0],APR,0.6895228417279109,0.6381630409142679,0.745016114664662,7.623195500029827e-20,631
candidate_primary_APR,1601,C(cohab)[T.3.0],APR,0.3373559619833448,0.2746061032151542,0.41444470371635717,2.2926812408901702e-23,631
candidate_primary_APR,1601,C(partner)[T.1.0],APR,1.0300511466479336,0.8935319054218374,1.1874286282030648,0.6827263017257152,631
candidate_primary_APR,1601,C(partner)[T.2.0],APR,0.9751949460111273,0.8443898672825583,1.126263139308149,0.7321051379422503,631
candidate_primary_APR,1601,C(partner)[T.3.0],APR,0.8413598207325953,0.7147327494493163,0.9904210328806027,0.037964479557327055,631
candidate_primary_APR,1601,C(gapgroup)[T.2.0],APR,0.951467747895207,0.8684370655715723,1.0424369377750466,0.28506696080569344,631
candidate_primary_APR,1601,C(gapgroup)[T.3.0],APR,1.1462919017266053,1.042501264922582,1.2604158557654854,0.0048785295225211535,631
candidate_primary_APR,1601,C(V714)[T.1.0],APR,0.9905174378886227,0.8902707837047613,1.1020521089983448,0.8608617113818006,631
candidate_primary_APR,1601,C(V025)[T.2.0],APR,0.997808932312077,0.9145094814905065,1.0886958370065873,0.9606070851018224,631
candidate_primary_APR,1601,C(V024)[T.2.0],APR,1.263354548618209,1.0913961215346928,1.462406438892209,0.0017830784398479651,631
candidate_primary_APR,1601,C(V024)[T.3.0],APR,1.1816271172677582,1.0125473554333664,1.3789405866009354,0.03420169680059225,631
candidate_primary_APR,1601,C(V024)[T.4.0],APR,1.2472054951299216,1.0666274242620521,1.4583551029155875,0.00570815566664701,631
candidate_primary_APR,1601,C(V024)[T.5.0],APR,1.0510543864656396,0.8789489731900585,1.2568594503264583,0.5847030523025996,631
candidate_primary_APR,1601,C(V024)[T.6.0],APR,1.114596152550636,0.9390823991549385,1.3229132868410949,0.21418229572235434,631
candidate_primary_APR,1601,C(V024)[T.7.0],APR,1.1559144023217716,0.9829105898053134,1.359368918549905,0.07975282849331926,631
candidate_primary_APR,1601,C(V024)[T.8.0],APR,1.1901453716611734,0.965762293401209,1.4666611187501344,0.10228250976731122,631
timing_duration_spline_exploratory,1601,Intercept,AOR,0.02658116465688418,0.005333526404085939,0.13247488827937642,1.0861129464210845e-05,630
timing_duration_spline_exploratory,1601,C(V012)[T.16.0],AOR,1.57751980772193,0.8382971736061655,2.9685997067719705,0.15730207635398383,630
timing_duration_spline_exploratory,1601,C(V012)[T.17.0],AOR,2.2404504073008504,1.3193922361907537,3.8044926215928005,0.0028831018438027606,630
timing_duration_spline_exploratory,1601,C(V012)[T.18.0],AOR,2.2154141656722026,1.2696542508820674,3.8656665167318454,0.005172493591103038,630
timing_duration_spline_exploratory,1601,C(V012)[T.19.0],AOR,2.722620212430843,1.5234122899234566,4.865827110735347,0.0007495212793889606,630
timing_duration_spline_exploratory,1601,C(V106)[T.1.0],AOR,1.1235524020198135,0.2764408992394524,4.56650952719927,0.8704589952327032,630
timing_duration_spline_exploratory,1601,C(V106)[T.2.0],AOR,1.117989725113334,0.26315704955314806,4.749639151150894,0.8797009086285544,630
timing_duration_spline_exploratory,1601,C(V106)[T.3.0],AOR,1.2016993318111127,0.2579045576287861,5.599285632454031,0.8147043777783364,630
timing_duration_spline_exploratory,1601,C(V190)[T.2.0],AOR,0.7077754500502994,0.46125509093246414,1.0860499917327768,0.11343378263997358,630
timing_duration_spline_exploratory,1601,C(V190)[T.3.0],AOR,0.9879291458223166,0.6425646362099177,1.518919564142282,0.9558035728187442,630
timing_duration_spline_exploratory,1601,C(V190)[T.4.0],AOR,0.6208998216989133,0.3893516800167313,0.9901500580893238,0.04534868992981893,630
timing_duration_spline_exploratory,1601,C(V190)[T.5.0],AOR,0.4017372811724551,0.2374129622889475,0.6797979416448641,0.0007045224763281773,630
timing_duration_spline_exploratory,1601,C(partner)[T.1.0],AOR,1.119339839998649,0.5463266169121703,2.293356462274701,0.7576874771349563,630
timing_duration_spline_exploratory,1601,C(partner)[T.2.0],AOR,0.9928933850174942,0.4934199835335255,1.997967871004388,0.9840267920849962,630
timing_duration_spline_exploratory,1601,C(partner)[T.3.0],AOR,0.6976559957007956,0.34403810016288366,1.4147383330707581,0.3176748229855802,630
timing_duration_spline_exploratory,1601,C(gapgroup)[T.2.0],AOR,0.790572853767709,0.5741009323180318,1.0886682148221773,0.14970985565286468,630
timing_duration_spline_exploratory,1601,C(gapgroup)[T.3.0],AOR,1.3472332230630106,0.9109118580051649,1.9925499282658985,0.13527439770258798,630
timing_duration_spline_exploratory,1601,C(V714)[T.1.0],AOR,0.7417381333460039,0.4579252888697455,1.201452446134961,0.22426744337667473,630
timing_duration_spline_exploratory,1601,C(V025)[T.2.0],AOR,1.0174173711184566,0.7280637986707312,1.421768406757078,0.919320236502704,630
timing_duration_spline_exploratory,1601,C(V024)[T.2.0],AOR,2.8168583428979916,1.6473823041438787,4.816544953769895,0.00016438283736840267,630
timing_duration_spline_exploratory,1601,C(V024)[T.3.0],AOR,1.632466373496318,0.9679772015488938,2.7531087057959076,0.06602599308720612,630
timing_duration_spline_exploratory,1601,C(V024)[T.4.0],AOR,2.0983160866692914,1.199129182277509,3.671773203961756,0.009511900567675768,630
timing_duration_spline_exploratory,1601,C(V024)[T.5.0],AOR,1.2888512186153378,0.7071750362462375,2.3489763899808187,0.40674855438205015,630
timing_duration_spline_exploratory,1601,C(V024)[T.6.0],AOR,1.356048613280558,0.7663850670060922,2.3994045822992365,0.2949851547425527,630
timing_duration_spline_exploratory,1601,C(V024)[T.7.0],AOR,1.711016903877583,1.0049055131796123,2.913287674272684,0.0479365810640172,630
timing_duration_spline_exploratory,1601,C(V024)[T.8.0],AOR,2.2378791598365066,1.1490844028797116,4.358342277973472,0.017936774584248902,630
timing_duration_spline_exploratory,1601,"bs(duration, df=3, degree=3)[0]",AOR,17686.09551526416,1959.139130508692,159660.9294888765,2.2945429081263527e-17,630
timing_duration_spline_exploratory,1601,"bs(duration, df=3, degree=3)[1]",AOR,0.13966951252416,0.0010815862159979114,18.036077420548565,0.4267702607513925,630
timing_duration_spline_exploratory,1601,"bs(duration, df=3, degree=3)[2]",AOR,574130.9399614857,13.020666248415473,25315627474.98984,0.015167172522121034,630
exploratory_asset_PC1,1299,Intercept,AOR,0.28976349175747934,0.056049661267661935,1.4980087168507028,0.13919985284949588,634
exploratory_asset_PC1,1299,C(V012)[T.16.0],AOR,4.329879089820624,2.103978593681261,8.910667146885457,7.45159650763803e-05,634
exploratory_asset_PC1,1299,C(V012)[T.17.0],AOR,10.310176330713764,5.654378311951273,18.799544371789175,8.824396150657287e-14,634
exploratory_asset_PC1,1299,C(V012)[T.18.0],AOR,22.784816225005788,12.097901550706599,42.91222310177961,7.973021112244908e-21,634
exploratory_asset_PC1,1299,C(V012)[T.19.0],AOR,56.72131508736425,28.971906887201364,111.0492173596393,3.329863662181821e-29,634
exploratory_asset_PC1,1299,C(V106)[T.1.0],AOR,1.0638701270264466,0.24956054009965675,4.535250832232127,0.9332020286843271,634
exploratory_asset_PC1,1299,C(V106)[T.2.0],AOR,0.9457542983857923,0.2121346543189019,4.2164312841152976,0.9416144096941595,634
exploratory_asset_PC1,1299,C(V106)[T.3.0],AOR,1.353188515906206,0.2828805855652643,6.473117113786436,0.7044623554048984,634
exploratory_asset_PC1,1299,C(cohab)[T.2.0],AOR,0.1575076526031856,0.10021574006311655,0.24755253628762447,4.851557723812e-15,634
exploratory_asset_PC1,1299,C(cohab)[T.3.0],AOR,0.0234939940291199,0.012730144744620104,0.04335911071817067,3.958865515880699e-30,634
exploratory_asset_PC1,1299,C(partner)[T.1.0],AOR,1.4457594315847435,0.7263838315906295,2.8775700161705045,0.29334082645911647,634
exploratory_asset_PC1,1299,C(partner)[T.2.0],AOR,1.0345103649065177,0.5230824147951079,2.0459714661182407,0.9222021655535388,634
exploratory_asset_PC1,1299,C(partner)[T.3.0],AOR,0.599800134204929,0.29787111505499025,1.2077713575075417,0.15204025096574858,634
exploratory_asset_PC1,1299,C(gapgroup)[T.2.0],AOR,0.9349763489708538,0.6826862338587466,1.2805015390360763,0.6747571053408725,634
exploratory_asset_PC1,1299,C(gapgroup)[T.3.0],AOR,1.8148956131849747,1.216464726656713,2.7077201784639913,0.0035621159145654124,634
exploratory_asset_PC1,1299,C(V714)[T.1.0],AOR,1.093105272256434,0.656862189998362,1.8190712670458202,0.7315297723539168,634
exploratory_asset_PC1,1299,C(V025)[T.2.0],AOR,1.0440146579261094,0.7410834943349864,1.4707743652321605,0.8051387218365808,634
exploratory_asset_PC1,1299,C(V024)[T.2.0],AOR,1.5661647941891805,0.9012977875548621,2.721489164210704,0.11134671136107493,634
exploratory_asset_PC1,1299,C(V024)[T.3.0],AOR,1.4666337366372217,0.8184720594179304,2.628085458374948,0.19775667191300395,634
exploratory_asset_PC1,1299,C(V024)[T.4.0],AOR,1.659605844541289,0.8999058845934638,3.060644014434762,0.10458838549459473,634
exploratory_asset_PC1,1299,C(V024)[T.5.0],AOR,1.2265870392600575,0.6534071131332052,2.3025702271074597,0.524475262652862,634
exploratory_asset_PC1,1299,C(V024)[T.6.0],AOR,1.577282943890594,0.8442297904443411,2.9468534672044338,0.1527180626166877,634
exploratory_asset_PC1,1299,C(V024)[T.7.0],AOR,1.8713134994621776,1.0159365475645208,3.4468828015531017,0.044374406000720665,634
exploratory_asset_PC1,1299,C(V024)[T.8.0],AOR,1.458917032696585,0.7079219792166835,3.006600968439104,0.305434974726697,634
exploratory_asset_PC1,1299,asset_pc1,AOR,0.7962616677924936,0.6893910264523502,0.9196995888653433,0.001992347711861012,634
official_wealth_PCA_matched_sample,1299,Intercept,AOR,0.4450503543319016,0.08484709070766057,2.334432639221513,0.33780844330901,631
official_wealth_PCA_matched_sample,1299,C(V012)[T.16.0],AOR,4.402800435161083,2.134665031115578,9.080886878876813,6.50402543868609e-05,631
official_wealth_PCA_matched_sample,1299,C(V012)[T.17.0],AOR,10.478769218530564,5.731332485312827,19.158651956872173,7.771447358612057e-14,631
official_wealth_PCA_matched_sample,1299,C(V012)[T.18.0],AOR,23.48061280768254,12.295132398295948,44.8420691997362,2.1849144342109222e-20,631
official_wealth_PCA_matched_sample,1299,C(V012)[T.19.0],AOR,58.71973154518598,29.96382706794969,115.0723125226821,1.504581731372511e-29,631
official_wealth_PCA_matched_sample,1299,C(V106)[T.1.0],AOR,0.9623011119255486,0.22267178937734816,4.1586921836958535,0.9588970785197664,631
official_wealth_PCA_matched_sample,1299,C(V106)[T.2.0],AOR,0.8894784540793792,0.19560639401706176,4.044713999494475,0.8793482572777112,631
official_wealth_PCA_matched_sample,1299,C(V106)[T.3.0],AOR,1.3115765142126297,0.2670137699715507,6.442487789365458,0.7380168979650826,631
official_wealth_PCA_matched_sample,1299,C(V190)[T.2.0],AOR,0.6680584814793018,0.4118264685845501,1.083714060949928,0.10204642151097502,631
official_wealth_PCA_matched_sample,1299,C(V190)[T.3.0],AOR,0.7606161190525601,0.4660683370244543,1.241313418234251,0.2730402865861312,631
official_wealth_PCA_matched_sample,1299,C(V190)[T.4.0],AOR,0.5682979001243812,0.34554422894495523,0.9346488126046193,0.026065993822312384,631
official_wealth_PCA_matched_sample,1299,C(V190)[T.5.0],AOR,0.3262192854360186,0.1850194437625115,0.5751775058138462,0.0001159574200420742,631
official_wealth_PCA_matched_sample,1299,C(cohab)[T.2.0],AOR,0.16180118039613742,0.1021428006806166,0.25630413306800437,3.069146044460203e-14,631
official_wealth_PCA_matched_sample,1299,C(cohab)[T.3.0],AOR,0.0232342852970344,0.012586267674933423,0.042890555580595874,3.0117156563125012e-30,631
official_wealth_PCA_matched_sample,1299,C(partner)[T.1.0],AOR,1.4863681640611874,0.7308916546767572,3.02273299332129,0.27329518654355467,631
official_wealth_PCA_matched_sample,1299,C(partner)[T.2.0],AOR,1.1011676722887163,0.5437573553727683,2.229984073801599,0.7886343552921694,631
official_wealth_PCA_matched_sample,1299,C(partner)[T.3.0],AOR,0.6769451477069675,0.3272203360454253,1.4004469848731906,0.2923071755902627,631
official_wealth_PCA_matched_sample,1299,C(gapgroup)[T.2.0],AOR,1.0050042963479309,0.7317599960449157,1.3802799293988781,0.975363626987032,631
official_wealth_PCA_matched_sample,1299,C(gapgroup)[T.3.0],AOR,1.9700918523310704,1.3150831304220538,2.951343391786679,0.0010411908223929619,631
official_wealth_PCA_matched_sample,1299,C(V714)[T.1.0],AOR,1.035539973667612,0.6246629712718359,1.716674569136362,0.8921210595967201,631
official_wealth_PCA_matched_sample,1299,C(V025)[T.2.0],AOR,0.9159641937135359,0.6428781037530898,1.3050536318896293,0.6265003318031974,631
official_wealth_PCA_matched_sample,1299,C(V024)[T.2.0],AOR,1.7580485729325956,1.0062842201050484,3.071433222382924,0.04749015778444615,631
official_wealth_PCA_matched_sample,1299,C(V024)[T.3.0],AOR,1.614060526091134,0.8941212433891308,2.9136891681610364,0.11196152362461996,631
official_wealth_PCA_matched_sample,1299,C(V024)[T.4.0],AOR,1.741876330784046,0.9407076874057442,3.2253729743754236,0.07739262168635189,631
official_wealth_PCA_matched_sample,1299,C(V024)[T.5.0],AOR,1.1316741302289328,0.6023518922887886,2.126143128999096,0.7002212587754802,631
official_wealth_PCA_matched_sample,1299,C(V024)[T.6.0],AOR,1.4991730295011112,0.8019043993239958,2.8027278242620883,0.2042523218862871,631
official_wealth_PCA_matched_sample,1299,C(V024)[T.7.0],AOR,1.8381905724022842,1.0044017731403723,3.364136415155856,0.04836317494629819,631
official_wealth_PCA_matched_sample,1299,C(V024)[T.8.0],AOR,1.527488891244299,0.7341074097218827,3.1783118954740988,0.25666761161291834,631
