variable,category,n,weighted_prevalence,lower,upper
all,0,2449,0.5966215361094414,0.576191639732999,0.6167217027449872
V012,15,172,0.31829076470117096,0.2510764396601369,0.3940316972241399
V012,16,294,0.42744019790347165,0.36360080785176935,0.49379128130876754
V012,17,399,0.5448217527350312,0.49343181686584714,0.5952744601927784
V012,18,734,0.6461925067077955,0.6043306013143955,0.6859271803508032
V012,19,850,0.6940727535550214,0.6578510103788147,0.7280450988286669
V024,1,271,0.5148073509379578,0.4467116507078316,0.5823576757676016
V024,2,340,0.6302349416961733,0.5791213046554735,0.6785862570897947
V024,3,374,0.5924579699441224,0.5452088667111806,0.638057035313716
V024,4,347,0.6208217010574137,0.5746864252234497,0.6648708752231133
V024,5,284,0.526327664545324,0.4630245779452937,0.5887955524229282
V024,6,339,0.5703322761048005,0.5113243955969394,0.627406953576426
V024,7,339,0.6348636090588944,0.5799348637282873,0.6864925934162932
V024,8,155,0.6314040798225217,0.5375036627295208,0.7163023274389507
V025,1,717,0.5850458635438558,0.5376374604495051,0.6309301694124115
V025,2,1732,0.6001192384869065,0.5776273762679436,0.6221967622448789
